"fluorochrome"	"channel"	"machine"	"type"
"A488"	"b-LP502 530/30-E-A"	"Animal"	"marker"
"Calcein"	"b-LP502 530/30-E-A"	"Animal"	"livedead"
"Calcein AM"	"b-LP502 530/30-E-A"	"Animal"	"livedead"
"FITC"	"b-LP502 530/30-E-A"	"Animal"	"marker"
"VioBrightFITC"	"b-LP502 530/30-E-A"	"Animal"	"marker"
"FDA"	"b-LP502 530/30-E-A"	"Animal"	"livedead"
"CFSE"	"b-LP502 530/30-E-A"	"Animal"	"prolif"
"PerCP"	"b-LP655 LP670-B-A"	"Animal"	"marker"
"PerCPCy5.5"	"b-LP655 LP670-B-A"	"Animal"	"marker"
"PI"	"b-LP655 LP670-B-A"	"Animal"	"livedead"
"PeCy7"	"b-LP735 780/60-A-A"	"Animal"	"marker"
"PeVio770"	"b-LP735 780/60-A-A"	"Animal"	"marker"
"7AAD"	"b-LP735 780/60-A-A"	"Animal"	"livedead"
"7-AAD"	"b-LP735 780/60-A-A"	"Animal"	"livedead"
"Pe"	"PE-A"	"Animal"	"marker"
"Resazurin"	"PE-A"	"Animal"	"livedead"
"A647"	"r-660/20-C-A"	"Animal"	"marker"
"APC"	"r-660/20-C-A"	"Animal"	"marker"
"TOPRO3"	"r-660/20-C-A"	"Animal"	"livedead"
"TO-PRO3"	"r-660/20-C-A"	"Animal"	"livedead"
"TO-PRO-3"	"r-660/20-C-A"	"Animal"	"livedead"
"Cy5"	"r-660/20-C-A"	"Animal"	"marker"
"A700"	"r-LP685 720/30-A-A"	"Animal"	"marker"
"APCCy7"	"r-LP685 720/30-A-A"	"Animal"	"marker"
"APCeF780"	"r-LP685 720/30-A-A"	"Animal"	"marker"
"APCFire750"	"r-LP685 720/30-A-A"	"Animal"	"marker"
"APCH7"	"r-LP685 720/30-A-A"	"Animal"	"marker"
"APCVio770"	"r-LP685 720/30-A-A"	"Animal"	"marker"
"DRAQ7"	"r-LP685 720/30-A-A"	"Animal"	"livedead"
"eF670"	"r-LP685 720/30-A-A"	"Animal"	"marker"
"eFluor670"	"r-LP685 720/30-A-A"	"Animal"	"marker"
"A405"	"v-450/50-B-A"	"Animal"	"marker"
"BV421"	"v-450/50-B-A"	"Animal"	"marker"
"DAPI"	"v-450/50-B-A"	"Animal"	"livedead"
"eFluor450"	"v-450/50-B-A"	"Animal"	"marker"
"eF450"	"v-450/50-B-A"	"Animal"	"marker"
"FVD450"	"v-450/50-B-A"	"Animal"	"marker"
"Hoechst33342"	"v-450/50-B-A"	"Animal"	"livedead"
"PacBlue"	"v-450/50-B-A"	"Animal"	"marker"
"V450"	"v-450/50-B-A"	"Animal"	"marker"
"VioBlue"	"v-450/50-B-A"	"Animal"	"marker"
"BV510"	"v-LP502 510/50-A-A"	"Animal"	"marker"
"BV650"	"v-LP502 510/50-A-A"	"Animal"	"marker"
"BV711"	"v-LP502 510/50-A-A"	"Animal"	"marker"
"BV785"	"v-LP502 510/50-A-A"	"Animal"	"marker"
"BV786"	"v-LP502 510/50-A-A"	"Animal"	"marker"
"eFluor650NC"	"v-LP502 510/50-A-A"	"Animal"	"marker"
"V500"	"v-LP502 510/50-A-A"	"Animal"	"marker"
"VioGreen"	"v-LP502 510/50-A-A"	"Animal"	"marker"
"A488"	"FL1-A"	"Sony"	"marker"
"Calcein"	"FL1-A"	"Sony"	"livedead"
"Calcein AM"	"FL1-A"	"Sony"	"livedead"
"FITC"	"FL1-A"	"Sony"	"marker"
"VioBrightFITC"	"FL1-A"	"Sony"	"marker"
"FDA"	"FL1-A"	"Sony"	"livedead"
"CFSE"	"FL1-A"	"Sony"	"prolif"
"A647"	"FL10-A"	"Sony"	"marker"
"APC"	"FL10-A"	"Sony"	"marker"
"TOPRO3"	"FL10-A"	"Sony"	"livedead"
"TO-PRO3"	"FL10-A"	"Sony"	"livedead"
"TO-PRO-3"	"FL10-A"	"Sony"	"livedead"
"Cy5"	"FL10-A"	"Sony"	"marker"
"eF670"	"FL10-A"	"Sony"	"marker"
"eFluor670"	"FL10-A"	"Sony"	"marker"
"A700"	"FL11-A"	"Sony"	"marker"
"APCCy7"	"FL12-A"	"Sony"	"marker"
"APCeF780"	"FL12-A"	"Sony"	"marker"
"APCFire750"	"FL12-A"	"Sony"	"marker"
"APCH7"	"FL12-A"	"Sony"	"marker"
"APCVio770"	"FL12-A"	"Sony"	"marker"
"DRAQ7"	"FL12-A"	"Sony"	"livedead"
"Pe"	"FL2-A"	"Sony"	"marker"
"Resazurin"	"FL2-A"	"Sony"	"livedead"
"PeCF594"	"FL3-A"	"Sony"	"marker"
"PeDazzle594"	"FL3-A"	"Sony"	"marker"
"PeVio615"	"FL3-A"	"Sony"	"marker"
"PeTexasRed"	"FL3-A"	"Sony"	"marker"
"PerCPCy5.5"	"FL4-A"	"Sony"	"marker"
"PerCPeF710"	"FL4-A"	"Sony"	"marker"
"PeCy7"	"FL5-A"	"Sony"	"marker"
"PeVio770"	"FL5-A"	"Sony"	"marker"
"7AAD"	"FL5-A"	"Sony"	"livedead"
"7-AAD"	"FL5-A"	"Sony"	"livedead"
"A405"	"FL6-A"	"Sony"	"marker"
"BV421"	"FL6-A"	"Sony"	"marker"
"DAPI"	"FL6-A"	"Sony"	"livedead"
"eFluor450"	"FL6-A"	"Sony"	"marker"
"eF450"	"FL6-A"	"Sony"	"marker"
"FVD450"	"FL6-A"	"Sony"	"marker"
"Hoechst33342"	"FL6-A"	"Sony"	"livedead"
"PacBlue"	"FL6-A"	"Sony"	"marker"
"V450"	"FL6-A"	"Sony"	"marker"
"VioBlue"	"FL6-A"	"Sony"	"marker"
"BV510"	"FL7-A"	"Sony"	"marker"
"V500"	"FL7-A"	"Sony"	"marker"
"VioGreen"	"FL7-A"	"Sony"	"marker"
"BV570"	"FL8-A"	"Sony"	"marker"
"BV605"	"FL9-A"	"Sony"	"marker"
"A488"	"b-505LP 530/30-E-A"	"Symphony"	"marker"
"Calcein"	"b-505LP 530/30-E-A"	"Symphony"	"livedead"
"Calcein AM"	"b-505LP 530/30-E-A"	"Symphony"	"livedead"
"FITC"	"b-505LP 530/30-E-A"	"Symphony"	"marker"
"VioBrightFITC"	"b-505LP 530/30-E-A"	"Symphony"	"marker"
"FDA"	"b-505LP 530/30-E-A"	"Symphony"	"livedead"
"CFSE"	"b-505LP 530/30-E-A"	"Symphony"	"prolif"
"PerCP"	"b-635LP 670/30-C-A"	"Symphony"	"marker"
"PI"	"b-635LP 670/30-C-A"	"Symphony"	"livedead"
"PerCPCy5.5"	"b-685LP 710/50-B-A"	"Symphony"	"marker"
"PerCPeF710"	"b-685LP 710/50-B-A"	"Symphony"	"marker"
"A647"	"r-670/30-C-A"	"Symphony"	"marker"
"APC"	"r-670/30-C-A"	"Symphony"	"marker"
"Cy5"	"r-670/30-C-A"	"Symphony"	"marker"
"eF670"	"r-670/30-C-A"	"Symphony"	"marker"
"eFluor670"	"r-670/30-C-A"	"Symphony"	"marker"
"TOPRO3"	"r-670/30-C-A"	"Symphony"	"livedead"
"TO-PRO3"	"r-670/30-C-A"	"Symphony"	"livedead"
"TO-PRO-3"	"r-670/30-C-A"	"Symphony"	"livedead"
"A700"	"r-670/30-C-A"	"Symphony"	"marker"
"APCCy7"	"r-670/30-C-A"	"Symphony"	"marker"
"APCeF780"	"r-750LP 780/60-A-A"	"Symphony"	"marker"
"APCFire750"	"r-750LP 780/60-A-A"	"Symphony"	"marker"
"APCH7"	"r-750LP 780/60-A-A"	"Symphony"	"marker"
"APCVio770"	"r-750LP 780/60-A-A"	"Symphony"	"marker"
"DRAQ7"	"r-750LP 780/60-A-A"	"Symphony"	"livedead"
"BUV395"	"uv-379/28-G-A"	"Symphony"	"marker"
"BUV563"	"uv-550LP 580/20-E-A"	"Symphony"	"marker"
"BUV737"	"uv-690LP 735/30-B-A"	"Symphony"	"marker"
"BUV805"	"uv-770LP 810/40-A-A"	"Symphony"	"marker"
"A405"	"v-450/50-H-A"	"Symphony"	"marker"
"BV421"	"v-450/50-H-A"	"Symphony"	"marker"
"DAPI"	"v-450/50-H-A"	"Symphony"	"livedead"
"eFluor450"	"v-450/50-H-A"	"Symphony"	"marker"
"eF450"	"v-450/50-H-A"	"Symphony"	"marker"
"FVD450"	"v-450/50-H-A"	"Symphony"	"marker"
"Hoechst33342"	"v-450/50-H-A"	"Symphony"	"livedead"
"PacBlue"	"v-450/50-H-A"	"Symphony"	"marker"
"V450"	"v-450/50-H-A"	"Symphony"	"marker"
"VioBlue"	"v-450/50-H-A"	"Symphony"	"marker"
"BV510"	"v-505LP 525/50-G-A"	"Symphony"	"marker"
"V500"	"v-505LP 525/50-G-A"	"Symphony"	"marker"
"VioGreen"	"v-505LP 525/50-G-A"	"Symphony"	"marker"
"BV605"	"v-595LP 605/40-E-A"	"Symphony"	"marker"
"BV650"	"v-635LP 677/20-D-A"	"Symphony"	"marker"
"eFluor650NC"	"v-635LP 677/20-D-A"	"Symphony"	"marker"
"BV711"	"v-685LP 710/20-C-A"	"Symphony"	"marker"
"BV785"	"v-750LP 780/60-A-A"	"Symphony"	"marker"
"BV786"	"v-750LP 780/60-A-A"	"Symphony"	"marker"
"Pe"	"yg-586/15-E-A"	"Symphony"	"marker"
"Resazurin"	"yg-586/15-E-A"	"Symphony"	"livedead"
"PeCF594"	"yg-600LP 610/20-D-A"	"Symphony"	"marker"
"PeDazzle594"	"yg-600LP 610/20-D-A"	"Symphony"	"marker"
"PeVio615"	"yg-600LP 610/20-D-A"	"Symphony"	"marker"
"PeCy5"	"yg-635LP 670/30-C-A"	"Symphony"	"marker"
"PeCy7"	"yg-750/LP 780/60-A-A"	"Symphony"	"marker"
"PeVio770"	"yg-750/LP 780/60-A-A"	"Symphony"	"marker"
"7AAD"	"yg-750/LP 780/60-A-A"	"Symphony"	"livedead"
"7-AAD"	"yg-750/LP 780/60-A-A"	"Symphony"	"livedead"
"A488"	"b-LP505 525/50-B-A"	"Wayne"	"marker"
"Calcein"	"b-LP505 525/50-B-A"	"Wayne"	"livedead"
"Calcein AM"	"b-LP505 525/50-B-A"	"Wayne"	"livedead"
"FITC"	"b-LP505 525/50-B-A"	"Wayne"	"marker"
"VioBrightFITC"	"b-LP505 525/50-B-A"	"Wayne"	"marker"
"FDA"	"b-LP505 525/50-B-A"	"Wayne"	"livedead"
"CFSE"	"b-LP505 525/50-B-A"	"Wayne"	"prolif"
"PerCP"	"b-LP685 710/50-A-A"	"Wayne"	"marker"
"PerCPCy5.5"	"b-LP685 710/50-A-A"	"Wayne"	"marker"
"PerCPeF710"	"b-LP685 710/50-A-A"	"Wayne"	"marker"
"PI"	"b-LP685 710/50-A-A"	"Wayne"	"livedead"
"A647"	"r-670/30-C-A"	"Wayne"	"marker"
"APC"	"r-670/30-C-A"	"Wayne"	"marker"
"Cy5"	"r-670/30-C-A"	"Wayne"	"marker"
"eF670"	"r-670/30-C-A"	"Wayne"	"marker"
"eFluor670"	"r-670/30-C-A"	"Wayne"	"marker"
"TOPRO3"	"r-670/30-C-A"	"Wayne"	"livedead"
"TO-PRO3"	"r-670/30-C-A"	"Wayne"	"livedead"
"TO-PRO-3"	"r-670/30-C-A"	"Wayne"	"livedead"
"A700"	"r-LP685 720/30-B-A"	"Wayne"	"marker"
"APCCy7"	"r-LP750 780/60-A-A"	"Wayne"	"marker"
"APCeF780"	"r-LP750 780/60-A-A"	"Wayne"	"marker"
"APCFire750"	"r-LP750 780/60-A-A"	"Wayne"	"marker"
"APCH7"	"r-LP750 780/60-A-A"	"Wayne"	"marker"
"APCVio770"	"r-LP750 780/60-A-A"	"Wayne"	"marker"
"DRAQ7"	"r-LP750 780/60-A-A"	"Wayne"	"livedead"
"A405"	"v-450/50-F-A"	"Wayne"	"marker"
"BV421"	"v-450/50-F-A"	"Wayne"	"marker"
"DAPI"	"v-450/50-F-A"	"Wayne"	"livedead"
"eFluor450"	"v-450/50-F-A"	"Wayne"	"marker"
"eF450"	"v-450/50-F-A"	"Wayne"	"marker"
"FVD450"	"v-450/50-F-A"	"Wayne"	"marker"
"Hoechst33342"	"v-450/50-F-A"	"Wayne"	"livedead"
"PacBlue"	"v-450/50-F-A"	"Wayne"	"marker"
"V450"	"v-450/50-F-A"	"Wayne"	"marker"
"VioBlue"	"v-450/50-F-A"	"Wayne"	"marker"
"BV510"	"v-LP505 525/50-E-A"	"Wayne"	"marker"
"V500"	"v-LP505 525/50-E-A"	"Wayne"	"marker"
"VioGreen"	"v-LP505 525/50-E-A"	"Wayne"	"marker"
"BV605"	"v-LP600 610/20-D-A"	"Wayne"	"marker"
"BV650"	"v-LP650 660/20-C-A"	"Wayne"	"marker"
"eFluor650NC"	"v-LP650 660/20-C-A"	"Wayne"	"marker"
"BV711"	"v-LP685 710/50-B-A"	"Wayne"	"marker"
"BV785"	"v-LP750 800/60-A-A"	"Wayne"	"marker"
"BV786"	"v-LP750 800/60-A-A"	"Wayne"	"marker"
"Pe"	"yg-582/15-D-A"	"Wayne"	"marker"
"Resazurin"	"yg-582/15-D-A"	"Wayne"	"livedead"
"PeCF594"	"yg-LP600 610/20-C-A"	"Wayne"	"marker"
"PeDazzle594"	"yg-LP600 610/20-C-A"	"Wayne"	"marker"
"PeVio615"	"yg-LP600 610/20-C-A"	"Wayne"	"marker"
"PeCy5"	"yg-LP635 670/30-B-A"	"Wayne"	"marker"
"PeCy7"	"yg-LP750 780/60-A-A"	"Wayne"	"marker"
"PeVio770"	"yg-LP750 780/60-A-A"	"Wayne"	"marker"
"7AAD"	"yg-LP750 780/60-A-A"	"Wayne"	"livedead"
"7-AAD"	"yg-LP750 780/60-A-A"	"Wayne"	"livedead"
"A405"	"FL1-A"	"Camilla"	"marker"
"BV421"	"FL1-A"	"Camilla"	"marker"
"DAPI"	"FL1-A"	"Camilla"	"livedead"
"eFluor450"	"FL1-A"	"Camilla"	"marker"
"eF450"	"FL1-A"	"Camilla"	"marker"
"FVD450"	"FL1-A"	"Camilla"	"marker"
"Hoechst33342"	"FL1-A"	"Camilla"	"livedead"
"PacBlue"	"FL1-A"	"Camilla"	"marker"
"V450"	"FL1-A"	"Camilla"	"marker"
"VioBlue"	"FL1-A"	"Camilla"	"marker"
"BV510"	"FL2-A"	"Camilla"	"marker"
"V500"	"FL2-A"	"Camilla"	"marker"
"VioGreen"	"FL2-A"	"Camilla"	"marker"
"A488"	"FL3-A"	"Camilla"	"marker"
"Calcein"	"FL3-A"	"Camilla"	"livedead"
"Calcein AM"	"FL3-A"	"Camilla"	"livedead"
"FITC"	"FL3-A"	"Camilla"	"marker"
"VioBrightFITC"	"FL3-A"	"Camilla"	"marker"
"FDA"	"FL3-A"	"Camilla"	"livedead"
"CFSE"	"FL3-A"	"Camilla"	"prolif"
"Pe"	"FL4-A"	"Camilla"	"marker"
"Resazurin"	"FL4-A"	"Camilla"	"livedead"
"PerCP"	"FL5-A"	"Camilla"	"marker"
"PI"	"FL5-A"	"Camilla"	"livedead"
"PerCPCy5.5"	"FL5-A"	"Camilla"	"marker"
"PerCPeF710"	"FL5-A"	"Camilla"	"marker"
"PeCy7"	"FL6-A"	"Camilla"	"marker"
"PeVio770"	"FL6-A"	"Camilla"	"marker"
"7AAD"	"FL6-A"	"Camilla"	"livedead"
"7-AAD"	"FL6-A"	"Camilla"	"livedead"
"A647"	"FL7-A"	"Camilla"	"marker"
"APC"	"FL7-A"	"Camilla"	"marker"
"TOPRO3"	"FL7-A"	"Camilla"	"livedead"
"TO-PRO3"	"FL7-A"	"Camilla"	"livedead"
"TO-PRO-3"	"FL7-A"	"Camilla"	"livedead"
"Cy5"	"FL7-A"	"Camilla"	"marker"
"eF670"	"FL7-A"	"Camilla"	"marker"
"eFluor670"	"FL7-A"	"Camilla"	"marker"
"APCCy7"	"FL8-A"	"Camilla"	"marker"
"APCeF780"	"FL8-A"	"Camilla"	"marker"
"APCFire750"	"FL8-A"	"Camilla"	"marker"
"APCH7"	"FL8-A"	"Camilla"	"marker"
"APCVio770"	"FL8-A"	"Camilla"	"marker"
"DRAQ7"	"FL8-A"	"Camilla"	"livedead"
"A405"	"FL1-A"	"MacsQuant16"	"marker"
"BV421"	"FL1-A"	"MacsQuant16"	"marker"
"DAPI"	"FL1-A"	"MacsQuant16"	"livedead"
"eFluor450"	"FL1-A"	"MacsQuant16"	"marker"
"eF450"	"FL1-A"	"MacsQuant16"	"marker"
"FVD450"	"FL1-A"	"MacsQuant16"	"marker"
"Hoechst33342"	"FL1-A"	"MacsQuant16"	"livedead"
"PacBlue"	"FL1-A"	"MacsQuant16"	"marker"
"V450"	"FL1-A"	"MacsQuant16"	"marker"
"VioBlue"	"FL1-A"	"MacsQuant16"	"marker"
"BV510"	"FL2-A"	"MacsQuant16"	"marker"
"V500"	"FL2-A"	"MacsQuant16"	"marker"
"VioGreen"	"FL2-A"	"MacsQuant16"	"marker"
"BV570"	"FL3-A"	"MacsQuant16"	"marker"
"BV605"	"FL4-A"	"MacsQuant16"	"marker"
"BV650"	"FL5-A"	"MacsQuant16"	"marker"
"A488"	"FL6-A"	"MacsQuant16"	"marker"
"Calcein"	"FL6-A"	"MacsQuant16"	"livedead"
"Calcein AM"	"FL6-A"	"MacsQuant16"	"livedead"
"FITC"	"FL6-A"	"MacsQuant16"	"marker"
"VioBrightFITC"	"FL6-A"	"MacsQuant16"	"marker"
"FDA"	"FL6-A"	"MacsQuant16"	"livedead"
"CFSE"	"FL6-A"	"MacsQuant16"	"prolif"
"Pe"	"FL7-A"	"MacsQuant16"	"marker"
"Resazurin"	"FL7-A"	"MacsQuant16"	"livedead"
"PeCF594"	"FL8-A"	"MacsQuant16"	"marker"
"PeDazzle594"	"FL8-A"	"MacsQuant16"	"marker"
"PeVio615"	"FL8-A"	"MacsQuant16"	"marker"
"PerCP"	"FL9-A"	"MacsQuant16"	"marker"
"PerCPCy5.5"	"FL10-A"	"MacsQuant16"	"marker"
"PerCPeF710"	"FL10-A"	"MacsQuant16"	"marker"
"PI"	"FL10-A"	"MacsQuant16"	"livedead"
"PerCPVio770"	"FL10-A"	"MacsQuant16"	"marker"
"PeCy7"	"FL11-A"	"MacsQuant16"	"marker"
"PeVio770"	"FL11-A"	"MacsQuant16"	"marker"
"7AAD"	"FL12-A"	"MacsQuant16"	"livedead"
"7-AAD"	"FL12-A"	"MacsQuant16"	"livedead"
"A647"	"FL12-A"	"MacsQuant16"	"marker"
"APC"	"FL12-A"	"MacsQuant16"	"marker"
"TOPRO3"	"FL12-A"	"MacsQuant16"	"livedead"
"TO-PRO3"	"FL12-A"	"MacsQuant16"	"livedead"
"TO-PRO-3"	"FL12-A"	"MacsQuant16"	"livedead"
"Cy5"	"FL12-A"	"MacsQuant16"	"marker"
"eF670"	"FL12-A"	"MacsQuant16"	"marker"
"eFluor670"	"FL12-A"	"MacsQuant16"	"marker"
"A700"	"FL13-A"	"MacsQuant16"	"marker"
"APCCy7"	"FL14-A"	"MacsQuant16"	"marker"
"APCeF780"	"FL14-A"	"MacsQuant16"	"marker"
"APCFire750"	"FL14-A"	"MacsQuant16"	"marker"
"APCH7"	"FL14-A"	"MacsQuant16"	"marker"
"APCVio770"	"FL14-A"	"MacsQuant16"	"marker"
"DRAQ7"	"FL14-A"	"MacsQuant16"	"livedead"
"A405"	"V1-A"	"MacsQuant16"	"marker"
"BV421"	"V1-A"	"MacsQuant16"	"marker"
"DAPI"	"V1-A"	"MacsQuant16"	"livedead"
"eFluor450"	"V1-A"	"MacsQuant16"	"marker"
"eF450"	"V1-A"	"MacsQuant16"	"marker"
"FVD450"	"V1-A"	"MacsQuant16"	"marker"
"Hoechst33342"	"V1-A"	"MacsQuant16"	"livedead"
"PacBlue"	"V1-A"	"MacsQuant16"	"marker"
"V450"	"V1-A"	"MacsQuant16"	"marker"
"VioBlue"	"V1-A"	"MacsQuant16"	"marker"
"BV510"	"V2-A"	"MacsQuant16"	"marker"
"V500"	"V2-A"	"MacsQuant16"	"marker"
"VioGreen"	"V2-A"	"MacsQuant16"	"marker"
"BV570"	"V3-A"	"MacsQuant16"	"marker"
"BV605"	"V4-A"	"MacsQuant16"	"marker"
"BV650"	"V5-A"	"MacsQuant16"	"marker"
"A488"	"B1-A"	"MacsQuant16"	"marker"
"Calcein"	"B1-A"	"MacsQuant16"	"livedead"
"Calcein AM"	"B1-A"	"MacsQuant16"	"livedead"
"FITC"	"B1-A"	"MacsQuant16"	"marker"
"VioBrightFITC"	"B1-A"	"MacsQuant16"	"marker"
"FDA"	"B1-A"	"MacsQuant16"	"livedead"
"CFSE"	"B1-A"	"MacsQuant16"	"prolif"
"Pe"	"B2-A"	"MacsQuant16"	"marker"
"Resazurin"	"B2-A"	"MacsQuant16"	"livedead"
"PeCF594"	"B3-A"	"MacsQuant16"	"marker"
"PeDazzle594"	"B3-A"	"MacsQuant16"	"marker"
"PeVio615"	"B3-A"	"MacsQuant16"	"marker"
"PerCP"	"B4-A"	"MacsQuant16"	"marker"
"PerCPCy5.5"	"B5-A"	"MacsQuant16"	"marker"
"PerCPeF710"	"B5-A"	"MacsQuant16"	"marker"
"PI"	"B5-A"	"MacsQuant16"	"livedead"
"PerCPVio770"	"B6-A"	"MacsQuant16"	"marker"
"PeCy7"	"B6-A"	"MacsQuant16"	"marker"
"PeVio770"	"B6-A"	"MacsQuant16"	"marker"
"7AAD"	"R1-A"	"MacsQuant16"	"livedead"
"7-AAD"	"R1-A"	"MacsQuant16"	"livedead"
"A647"	"R1-A"	"MacsQuant16"	"marker"
"APC"	"R1-A"	"MacsQuant16"	"marker"
"Cy5"	"R1-A"	"MacsQuant16"	"marker"
"eF670"	"R1-A"	"MacsQuant16"	"marker"
"eFluor670"	"R1-A"	"MacsQuant16"	"marker"
"A700"	"R2-A"	"MacsQuant16"	"marker"
"APCCy7"	"R3-A"	"MacsQuant16"	"marker"
"APCeF780"	"R3-A"	"MacsQuant16"	"marker"
"APCFire750"	"R3-A"	"MacsQuant16"	"marker"
"APCH7"	"R3-A"	"MacsQuant16"	"marker"
"APCVio770"	"R3-A"	"MacsQuant16"	"marker"
"DRAQ7"	"R3-A"	"MacsQuant16"	"livedead"
